 ,Linea,Cod Familia,Familia,Cod Producto,Producto,Cod Color,Familia Color,COD SKU PT,UM,Doc x Paq,Doc X bulto,PESO g.,Precio Estimado, Precio Sin IGV , Indicador x kg. ,Status,Codigo Barra,Marca,Nombre GS1,OBS
1,HOGAR,10,EMBUDOS,100,EMBUDO #1 X 12,3,Solido,11010003,DOC,40,80,22,8.5,7.2,6.82,ALTA,7.75933E+12,MUNDOPLAST,EMBUDO # 1,ACTUALIZAR PRECIO EN SISTEMA
1,HOGAR,10,EMBUDOS,101,EMBUDO #2 X 12,3,Solido,11010103,DOC,20,40,35,11.5,9.75,5.8,ALTA,7.75933E+12,MUNDOPLAST,EMBUDO # 2,ACTUALIZAR PRECIO EN SISTEMA
1,HOGAR,10,EMBUDOS,102,EMBUDO #4,3,Solido,11010203,DOC,5,10,130,36,30.51,4.89,ALTA,7.75933E+12,MUNDOPLAST,EMBUDO # 4,ACTUALIZAR PRECIO EN SISTEMA
1,HOGAR,10,EMBUDOS,103,EMBUDO GIGANTE,3,Solido,11010303,DOC,5,10,177,48,40.68,4.79,ALTA,7.75933E+12,MUNDOPLAST,EMBUDO GIGANTE,ACTUALIZAR PRECIO EN SISTEMA
1,HOGAR,11,ENVASES,104,ENVASE BELGICA 4KG. TRANSPARENTE,4,Transparente,11110404,DOC,5,10,200,64,54.24,5.65,ALTA,7.75933E+12,MUNDOPLAST,ENVASE BELGICA 4KG TRANSPARENTE,ACTUALIZAR PRECIO EN SISTEMA
1,HOGAR,11,ENVASES,105,ENVASE BELGICA 4KG. PASTEL,2,Pastel,11110502,DOC,5,10,200,64,54.24,5.65,ALTA,,,POR CREAR CODIGO,ACTUALIZAR PRECIO EN SISTEMA
1,HOGAR,11,ENVASES,106,ENVASE BELGICA 4KG. VACAS NEGRAS,4,Transparente,11110604,DOC,5,10,200,62,52.54,5.47,ALTA,,,POR CREAR CODIGO,ACTUALIZAR PRECIO EN SISTEMA
1,HOGAR,11,ENVASES,107,ENVASE BELGICA 6KG. TRANSPARENTE,4,Transparente,11110704,DOC,5,10,264,83,70.34,5.55,ALTA,7.75933E+12,MUNDOPLAST,ENVASE BELGICA 6KG. TRANSPARENTE,ACTUALIZAR PRECIO EN SISTEMA
1,HOGAR,12,FLOREROS,108,FLORERO AMERICANO,3,Solido,11210803,DOC,6,24,62,26,22.03,7.4,ALTA,7.75933E+12,MUNDOPLAST,FLORERO DE PLASTICO AMERICANO,ACTUALIZAR PRECIO EN SISTEMA
1,HOGAR,12,FLOREROS,109,FLORERO CISNE,3,Solido,11210903,DOC,6,24,56,26,22.03,8.2,ALTA,7.75933E+12,MUNDOPLAST,FLORERO DE PLASTICO CISNE,ACTUALIZAR PRECIO EN SISTEMA
1,HOGAR,12,FLOREROS,110,FLORERO ITALIANO,3,Solido,11211003,DOC,4,16,62,26,22.03,7.4,ALTA,7.75933E+12,MUNDOPLAST,FLORERO DE PLASTICO ITALIANO,ACTUALIZAR PRECIO EN SISTEMA
1,HOGAR,12,FLOREROS,111,FLORERO ITALIANO GRANDE,3,Solido,11211103,DOC,4,16,84,28,23.73,5.89,ALTA,7.75933E+12,MUNDOPLAST,FLORERO DE PLASTICO ITALIANO GRANDE,ACTUALIZAR PRECIO EN SISTEMA
1,HOGAR,12,FLOREROS,112,FLORERO ORIENTAL,3,Solido,11211203,DOC,6,24,56,26,22.03,8.2,ALTA,7.75933E+12,MUNDOPLAST,FLORERO DE PLASTICO ORIENTAL,ACTUALIZAR PRECIO EN SISTEMA
1,HOGAR,12,FLOREROS,113,FLORERO PERSA,3,Solido,11211303,DOC,6,24,56,26,22.03,8.2,ALTA,7.75933E+12,MUNDOPLAST,FLORERO DE PLASTICO PERSA,ACTUALIZAR PRECIO EN SISTEMA
1,HOGAR,13,JARRAS,114,JARRA GRECIA 500ML.,4,Transparente,11311404,DOC,20,80,35,10.5,8.9,5.3,ALTA,7.75933E+12,MUNDOPLAST,JARRA REAL 500 ML,ACTUALIZAR PRECIO EN SISTEMA
1,HOGAR,13,JARRAS,115,JARRA GRECIA 500ML CARAMELO,1,Caramelo,11311501,DOC,20,80,35,10.5,8.9,5.3,ALTA,,,POR CREAR CODIGO,ACTUALIZAR PRECIO EN SISTEMA
1,HOGAR,13,JARRAS,116,JARRA GRECIA 5LT.,4,Transparente,11311604,DOC,2,6,310,90,76.27,5.13,ALTA,7.75933E+12,MUNDOPLAST,JARRA GRECIA 5 LT,ACTUALIZAR PRECIO EN SISTEMA
1,HOGAR,13,JARRAS,117,JARRA REAL 1.2LT.,4,Transparente,11311704,DOC,10,20,88,27,22.88,5.42,ALTA,7.75933E+12,MUNDOPLAST,JARRA REAL 1.2 LT,ACTUALIZAR PRECIO EN SISTEMA
1,HOGAR,13,JARRAS,118,JARRA REAL 6LT. GIGANTE,4,Transparente,11311804,DOC,2,6,329,96,81.36,5.15,ALTA,7.75933E+12,MUNDO HOGAR,JARRA REAL DE 6LT,ACTUALIZAR PRECIO EN SISTEMA
1,HOGAR,14,PACKS,119,PACK: ENVASE BELGICA 6KG.+4KG.,4,Transparente,11411904,DOC,2,4,464,146,123.73,5.56,ALTA,,,POR CREAR CODIGO,ACTUALIZAR PRECIO EN SISTEMA
1,HOGAR,14,PACKS,120,PACK: JARRA GRECIA 5LT. + 02 GRECIA 500ML.,4,Transparente,11412004,DOC,2,6,380,110,93.22,5.11,ALTA,7.75933E+12,MUNDO HOGAR,JARRA GRECIA 5 LT + 02 JARRA GRECIA 500 ML C/U,ACTUALIZAR PRECIO EN SISTEMA
1,HOGAR,14,PACKS,121,PACK: JARRA GRECIA 5LT.+500ML.,4,Transparente,11412104,DOC,2,6,345,100,84.75,5.12,ALTA,7.75933E+12,MUNDO HOGAR,JARRA GRECIA 5 LT +  JARRA GRECIA 500 ML,ACTUALIZAR PRECIO EN SISTEMA
1,HOGAR,14,PACKS,122,PACK: JARRA MIXTO01 6LT.+ 500ML.,4,Transparente,11412204,DOC,2,6,364,116,98.31,5.63,ALTA,,,POR CREAR CODIGO,ACTUALIZAR PRECIO EN SISTEMA
1,HOGAR,14,PACKS,123,PACK: JARRA MIXTO02 5LT.+ 1200ML.,4,Transparente,11412304,DOC,2,6,398,116,98.31,5.15,ALTA,7.75933E+12,MUNDO HOGAR,JARRA GRECIA 5 LT + JARRA REAL 1.2 LT,ACTUALIZAR PRECIO EN SISTEMA
1,HOGAR,14,PACKS,124,PACK: JARRA REAL 6LT.+ 1200ML.,4,Transparente,11412404,DOC,2,6,417,122,103.39,5.17,ALTA,7.75933E+12,MUNDO HOGAR,JARRA REAL 6 LT + JARRA REAL 1.2 LT,ACTUALIZAR PRECIO EN SISTEMA
1,HOGAR,14,PACKS,125,PACK: TAPER SET X 3 CARAMELO,1,Caramelo,11412501,DOC,4,12,241,79.5,67.37,5.82,ALTA,7.75933E+12,MUNDO HOGAR,TAPER ALEMAN: 550 ML + 1100 ML + 2800 ML COLORES CARAMELOS,ACTUALIZAR PRECIO EN SISTEMA
1,HOGAR,14,PACKS,126,PACK: TAPER SET X 3 PASTEL,2,Pastel,11412602,DOC,4,12,241,79.5,67.37,5.82,ALTA,7.75933E+12,MUNDO HOGAR,TAPER ALEMAN: 550 ML + 1100 ML + 2800 ML COLORES PASTELES,ACTUALIZAR PRECIO EN SISTEMA
1,HOGAR,14,PACKS,127,PACK: TAPER SET X 3 PRACTIHOGAR CARAMELO,1,Caramelo,11412701,DOC,1,12,241,79.5,67.37,5.82,ALTA,,,POR CREAR CODIGO,ACTUALIZAR PRECIO EN SISTEMA
1,HOGAR,14,PACKS,128,PACK: TAPER SET X 3 PRACTIHOGAR PASTEL,2,Pastel,11412802,DOC,1,12,241,79.5,67.37,5.82,ALTA,,,POR CREAR CODIGO,ACTUALIZAR PRECIO EN SISTEMA
1,HOGAR,14,PACKS,129,PACK: TAPER SET X 3 PRACTIHOGAR SOLIDO,3,Solido,11412903,DOC,1,12,241,79.5,67.37,5.82,ALTA,,,POR CREAR CODIGO,ACTUALIZAR PRECIO EN SISTEMA
1,HOGAR,14,PACKS,130,PACK: TAPER SET X 3 PRACTIHOGAR TRANSP.,4,Transparente,11413004,DOC,1,12,241,79.5,67.37,5.82,ALTA,7.75933E+12,MUNDOPLAST,TAPER ALEMAN: 550 ML + 1100 ML + 2000 ML,ACTUALIZAR PRECIO EN SISTEMA
1,HOGAR,14,PACKS,131,PACK: TAPER SET X 3 SOLIDO,3,Solido,11413103,DOC,4,12,241,79.5,67.37,5.82,ALTA,,,POR CREAR CODIGO,ACTUALIZAR PRECIO EN SISTEMA
1,HOGAR,14,PACKS,132,PACK: TAPER SET X 3 TRANSP.,4,Transparente,11413204,DOC,4,12,241,79.5,67.37,5.82,ALTA,,,POR CREAR CODIGO,ACTUALIZAR PRECIO EN SISTEMA
1,HOGAR,14,PACKS,133,PACK: TAPER 550ML+SPORT BOTTLE CLICK 300ML. CARAMELO,1,Caramelo,11413301,DOC,5,10,60,40,33.9,11.77,ALTA,7.75933E+12,MUNDOPLAST,PACK INFANTIL # 1: TAPER ALEMAN X 550 ML COLOR CARAMELO + SPORT BOTTLE X 300 ML,ACTUALIZAR PRECIO EN SISTEMA
1,HOGAR,14,PACKS,134,PACK: TAPER 550ML+SPORT BOTTLE CLICK 300ML. PASTEL,2,Pastel,11413402,DOC,5,10,60,40,33.9,11.77,ALTA,7.75933E+12,MUNDOPLAST,PACK INFANTIL # 1: TAPER ALEMAN X 550 ML COLOR PASTEL + SPORT BOTTLE X 300 ML,ACTUALIZAR PRECIO EN SISTEMA
1,HOGAR,14,PACKS,135,PACK: TAPER 550ML+SPORT BOTTLE CLICK 300ML. SURTIDO,3,Solido,11413503,DOC,5,10,60,40,33.9,11.77,ALTA,7.75933E+12,MUNDOPLAST,PACK INFANTIL # 1: TAPER ALEMAN X 550 ML + SPORT BOTTLE X 300 ML,ACTUALIZAR PRECIO EN SISTEMA
1,HOGAR,14,PACKS,136,PACK: TAPER 550ML+SPORT BOTTLE CLICK 350ML. CARAMELO,1,Caramelo,11413601,DOC,5,10,66,40,33.9,10.7,ALTA,7.75933E+12,MUNDO HOGAR,KIDS LUNCH PACK: TAPER X 550ML + SPORT BOTTLE CLICK X 350 ML,ACTUALIZAR PRECIO EN SISTEMA
1,HOGAR,14,PACKS,137,PACK: TAPER 550ML+SPORT BOTTLE CLICK 350ML. PASTEL,2,Pastel,11413702,DOC,5,10,66,40,33.9,10.7,ALTA,,,POR CREAR CODIGO,ACTUALIZAR PRECIO EN SISTEMA
1,HOGAR,14,PACKS,138,PACK: TAPER 550ML+SPORT BOTTLE CLICK 350ML. SOLIDO,3,Solido,11413803,DOC,5,10,66,40,33.9,10.7,ALTA,,,POR CREAR CODIGO,ACTUALIZAR PRECIO EN SISTEMA
1,HOGAR,14,PACKS,139,PACK: TAPER 550ML+SPORT BOTTLE SORBETE 350ML. CARAMELO,1,Caramelo,11413901,DOC,5,10,67,42,35.59,11.07,ALTA,7.75933E+12,MUNDO HOGAR,KIDS LUNCH PACK: TAPER X 550ML + SPORT BOTTLE SORBETE X 350 ML,ACTUALIZAR PRECIO EN SISTEMA
1,HOGAR,14,PACKS,140,PACK: TAPER 550ML+SPORT BOTTLE SORBETE 350ML. PASTEL,2,Pastel,11414002,DOC,5,10,67,42,35.59,11.07,ALTA,,,POR CREAR CODIGO,ACTUALIZAR PRECIO EN SISTEMA
1,HOGAR,14,PACKS,141,PACK: TAPER 550ML+SPORT BOTTLE SORBETE 350ML. SOLIDO,3,Solido,11414103,DOC,5,10,67,42,35.59,11.07,ALTA,,,POR CREAR CODIGO,ACTUALIZAR PRECIO EN SISTEMA
1,HOGAR,14,PACKS,142,PACK: TAZON MULTIUSO 7KG.+3.5KG.,1,Caramelo,11414201,DOC,5,10,524,165,139.83,5.56,ALTA,7.75933E+12,MUNDO HOGAR,TAZÓN MULTIUSO DE 3.5 KG + 7 KG CARAMELOS,ACTUALIZAR PRECIO EN SISTEMA
1,HOGAR,15,SALSEROS,144,SALSERO IDEAL T/D 300ML.,4,Transparente,11514404,DOC,10,40,26,12,10.17,8.15,ALTA,7.75933E+12,MUNDO ENVASES,SALSERO IDEAL TRANSPARENTE 300 ML TAPA DOBLE # 1,ACTUALIZAR PRECIO EN SISTEMA
1,HOGAR,15,SALSEROS,145,SALSERO IDEAL T/D 400ML.,4,Transparente,11514504,DOC,10,40,28,14,11.86,8.83,ALTA,7.75933E+12,MUNDO ENVASES,SALSERO IDEAL TRANSPARENTE 400 ML TAPA DOBLE # 1,ACTUALIZAR PRECIO EN SISTEMA
1,HOGAR,15,SALSEROS,146,SALSERO MULTIUSO T/B 1200ML.,4,Transparente,11514604,DOC,10,40,75,36,30.51,8.47,ALTA,,,POR CREAR CODIGO,ACTUALIZAR PRECIO EN SISTEMA
1,HOGAR,15,SALSEROS,147,SALSERO MULTIUSO T/B 380ML.,4,Transparente,11514704,DOC,10,40,34,20,16.95,10.39,ALTA,,,POR CREAR CODIGO,ACTUALIZAR PRECIO EN SISTEMA
1,HOGAR,15,SALSEROS,148,SALSERO MULTIUSO T/B 480ML.,4,Transparente,11514804,DOC,10,40,42,23,19.49,9.67,ALTA,,,POR CREAR CODIGO,ACTUALIZAR PRECIO EN SISTEMA
1,HOGAR,15,SALSEROS,149,SALSERO MULTIUSO T/B 600ML.,4,Transparente,11514904,DOC,10,40,48,26,22.03,9.56,ALTA,,,POR CREAR CODIGO,ACTUALIZAR PRECIO EN SISTEMA
1,HOGAR,15,SALSEROS,150,SALSERO MULTIUSO T/N 1200ML.,4,Transparente,11515004,DOC,10,40,75,36,30.51,8.47,ALTA,,,POR CREAR CODIGO,ACTUALIZAR PRECIO EN SISTEMA
1,HOGAR,15,SALSEROS,151,SALSERO MULTIUSO T/N 380ML.,4,Transparente,11515104,DOC,10,40,34,20,16.95,10.39,ALTA,,,POR CREAR CODIGO,ACTUALIZAR PRECIO EN SISTEMA
1,HOGAR,15,SALSEROS,152,SALSERO MULTIUSO T/N 480ML.,4,Transparente,11515204,DOC,10,40,44,23,19.49,9.23,ALTA,,,POR CREAR CODIGO,ACTUALIZAR PRECIO EN SISTEMA
1,HOGAR,15,SALSEROS,153,SALSERO MULTIUSO T/N 600ML.,4,Transparente,11515304,DOC,10,40,48,26,22.03,9.56,ALTA,,,POR CREAR CODIGO,ACTUALIZAR PRECIO EN SISTEMA
1,HOGAR,15,SALSEROS,154,SALSERO MULTIUSO 1200ML.,4,Transparente,11515404,DOC,10,40,75,36,30.51,8.47,ALTA,7.75933E+12,MUNDO HOGAR,SALSERO MULTIUSO 1200ML COLORES VARIADOS SOLIDOS,ACTUALIZAR PRECIO EN SISTEMA
1,HOGAR,15,SALSEROS,155,SALSERO MULTIUSO 380ML.,4,Transparente,11515504,DOC,10,40,34,20,16.95,10.39,ALTA,7.75933E+12,MUNDO HOGAR,SALSERO MULTIUSO 380ML COLORES VARIADOS SOLIDOS,ACTUALIZAR PRECIO EN SISTEMA
1,HOGAR,15,SALSEROS,156,SALSERO MULTIUSO 480ML.,4,Transparente,11515604,DOC,10,40,44,23,19.49,9.23,ALTA,7.75933E+12,MUNDO HOGAR,SALSERO MULTIUSO 480ML COLORES VARIADOS SOLIDOS,ACTUALIZAR PRECIO EN SISTEMA
1,HOGAR,15,SALSEROS,157,SALSERO MULTIUSO 600ML.,4,Transparente,11515704,DOC,10,40,48,26,22.03,9.56,ALTA,7.75933E+12,MUNDO HOGAR,SALSERO MULTIUSO 600ML COLORES VARIADOS SOLIDOS,ACTUALIZAR PRECIO EN SISTEMA
1,HOGAR,16,SPORT BOTTLE,158,SPORT BOTTLE CLICK 300ML.,1,Caramelo,11615801,DOC,10,40,60,27,22.88,7.94,ALTA,7.75933E+12,MUNDOPLAST,SPORT BOTTLE 300 ML,ACTUALIZAR PRECIO EN SISTEMA
1,HOGAR,16,SPORT BOTTLE,159,SPORT BOTTLE CLICK 350ML.,1,Caramelo,11615901,DOC,10,40,65,29,24.58,7.88,ALTA,7.75933E+12,MUNDO HOGAR,SPORT BOTTLE CLICK 350 ML,ACTUALIZAR PRECIO EN SISTEMA
1,HOGAR,16,SPORT BOTTLE,160,SPORT BOTTLE CLICK 400ML.,1,Caramelo,11616001,DOC,10,40,71,31,26.27,7.71,ALTA,7.75933E+12,MUNDOPLAST,SPORT BOTTLE 400 ML,ACTUALIZAR PRECIO EN SISTEMA
1,HOGAR,16,SPORT BOTTLE,161,SPORT BOTTLE CLICK 750ML.,1,Caramelo,11616101,DOC,10,40,79,41,34.75,9.16,ALTA,7.75933E+12,MUNDOPLAST,SPORT BOTTLE 300 ML,ACTUALIZAR PRECIO EN SISTEMA
1,HOGAR,16,SPORT BOTTLE,162,SPORT BOTTLE SORBETE 350ML.,1,Caramelo,11616201,DOC,10,40,63,33,27.97,9.25,ALTA,7.75933E+12,MUNDO HOGAR,SPORT BOTTLE SORBETE 350 ML,ACTUALIZAR PRECIO EN SISTEMA
1,HOGAR,17,TAPERS,163,TAPER ALEMAN 1.1KG. CARAMELO,1,Caramelo,11716301,DOC,10,20,71,23,19.49,5.72,ALTA,7.75933E+12,MUNDO HOGAR,TAPER ALEMAN DE 1100 ML COLOR CARAMELO,ACTUALIZAR PRECIO EN SISTEMA
1,HOGAR,17,TAPERS,164,TAPER ALEMAN 1.1KG. PASTEL,2,Pastel,11716402,DOC,10,20,71,23,19.49,5.72,ALTA,7.75933E+12,MUNDO HOGAR,TAPER ALEMAN DE 1100 ML COLOR PASTEL,ACTUALIZAR PRECIO EN SISTEMA
1,HOGAR,17,TAPERS,165,TAPER ALEMAN 1.1KG. SOLIDO,3,Solido,11716503,DOC,10,20,71,23,19.49,5.72,ALTA,7.75933E+12,MUNDO HOGAR,TAPER ALEMAN DE 1100 ML COLORES VARIADOS SOLIDOS,ACTUALIZAR PRECIO EN SISTEMA
1,HOGAR,17,TAPERS,166,TAPER ALEMAN 1.1KG. TRANSP.,4,Transparente,11716604,DOC,10,20,71,23,19.49,5.72,ALTA,7.75933E+12,MUNDOPLAST,TAPER ALEMAN DE 1100 ML,ACTUALIZAR PRECIO EN SISTEMA
1,HOGAR,17,TAPERS,167,TAPER ALEMAN 1/2KG. CARAMELO,1,Caramelo,11716701,DOC,20,40,35,11.5,9.75,5.8,ALTA,7.75933E+12,MUNDOPLAST,TAPER ALEMAN DE 550 ML COLOR CARAMELO,ACTUALIZAR PRECIO EN SISTEMA
1,HOGAR,17,TAPERS,168,TAPER ALEMAN 1/2KG. PASTEL,2,Pastel,11716802,DOC,20,40,35,11.5,9.75,5.8,ALTA,7.75933E+12,MUNDOPLAST,TAPER ALEMAN DE 550 ML COLOR PASTEL,ACTUALIZAR PRECIO EN SISTEMA
1,HOGAR,17,TAPERS,169,TAPER ALEMAN 1/2KG. SOLIDO,3,Solido,11716903,DOC,20,40,35,11.5,9.75,5.8,ALTA,7.75933E+12,MUNDO HOGAR,TAPER ALEMAN DE 550 ML COLORES VARIADOS SOLIDOS,ACTUALIZAR PRECIO EN SISTEMA
1,HOGAR,17,TAPERS,170,TAPER ALEMAN 1/2KG. TRANSP.,4,Transparente,11717004,DOC,20,40,35,11.5,9.75,5.8,ALTA,7.75933E+12,MUNDOPLAST,TAPER ALEMAN DE 550 ML,ACTUALIZAR PRECIO EN SISTEMA
1,HOGAR,17,TAPERS,171,TAPER ALEMAN 2.8KG. CARAMELO,1,Caramelo,11717101,DOC,5,10,135,45,38.14,5.89,ALTA,7.75933E+12,MUNDO HOGAR,TAPER ALEMAN DE 2800 ML COLOR CARAMELO,ACTUALIZAR PRECIO EN SISTEMA
1,HOGAR,17,TAPERS,172,TAPER ALEMAN 2.8KG. PASTEL,2,Pastel,11717202,DOC,5,10,135,45,38.14,5.89,ALTA,7.75933E+12,MUNDO HOGAR,TAPER ALEMAN DE 2800 ML COLOR PASTEL,ACTUALIZAR PRECIO EN SISTEMA
1,HOGAR,17,TAPERS,173,TAPER ALEMAN 2.8KG. SOLIDO,3,Solido,11717303,DOC,5,10,135,45,38.14,5.89,ALTA,7.75933E+12,MUNDO HOGAR,TAPER ALEMAN DE 2800 ML COLORES VARIADOS SOLIDOS,ACTUALIZAR PRECIO EN SISTEMA
1,HOGAR,17,TAPERS,174,TAPER ALEMAN 2.8KG. TRANSP.,4,Transparente,11717404,DOC,5,10,135,45,38.14,5.89,ALTA,7.75933E+12,MUNDOPLAST,TAPER ALEMAN DE 2800 ML,ACTUALIZAR PRECIO EN SISTEMA
1,HOGAR,18,TAZONES,175,TAZON MULTIUSO 3.5KG. CARAMELO,1,Caramelo,11817501,DOC,5,10,123,40,33.9,5.74,ALTA,7.75933E+12,MUNDOPLAST,TAZON MULTIUSO 3.5KG CARAMELOS,ACTUALIZAR PRECIO EN SISTEMA
1,HOGAR,18,TAZONES,176,TAZON MULTIUSO 3.5KG. SOLIDO,2,Pastel,11817602,DOC,5,10,123,40,33.9,5.74,ALTA,7.75933E+12,MUNDOPLAST,TAZON REAL 3.5KG,ACTUALIZAR PRECIO EN SISTEMA
1,HOGAR,18,TAZONES,177,TAZON MULTIUSO 7KG. CARAMELO,3,Solido,11817703,DOC,5,10,317,99,83.9,5.51,ALTA,7.75933E+12,MUNDOPLAST,TAZON MULTIUSO 7KG CARAMELOS,ACTUALIZAR PRECIO EN SISTEMA
1,HOGAR,18,TAZONES,178,TAZON MULTIUSO C/T 3.5KG.,4,Transparente,11817804,DOC,5,10,197,62,52.54,5.56,ALTA,,,POR CREAR CODIGO,ACTUALIZAR PRECIO EN SISTEMA
1,HOGAR,19,VASOS,179,VASO SORBETE CARAMELO,1,Caramelo,11917901,DOC,60,120,24,9,7.63,6.62,ALTA,7.75933E+12,MUNDOPLAST,VASO SORBETE ACARAMELADO #1,ACTUALIZAR PRECIO EN SISTEMA
1,HOGAR,19,VASOS,180,VASO SORBETE SOLIDO,3,Solido,11918003,DOC,60,120,24,9,7.63,6.62,ALTA,7.75933E+12,MUNDO HOGAR,VASO SORBETE SOLIDO #1,ACTUALIZAR PRECIO EN SISTEMA
1,HOGAR,15,SALSEROS,181,SALSERO CLICK 300ML.,4,Transparente,11518104,DOC,20,80,30,13.5,11.44,7.94,ALTA,7.75933E+12,MUNDO HOGAR,SALSERO CLICK 300ML,ACTUALIZAR PRECIO EN SISTEMA
1,HOGAR,15,SALSEROS,182,SALSERO CLICK 400ML.,4,Transparente,11518204,DOC,20,80,32,15.5,13.14,8.55,ALTA,7.75933E+12,MUNDO HOGAR,SALSERO CLICK 400ML,ACTUALIZAR PRECIO EN SISTEMA
1,HOGAR,20,IMPORTADOS,183,BOTELLA CON TAPA SPRAY 60ML,4,Transparente,12018304,UNID,1000,1000,100,1,0.85,0.18,ALTA,,,POR CREAR CODIGO,ACTUALIZAR PRECIO EN SISTEMA
1,HOGAR,20,IMPORTADOS,184,BOTELLA CON TAPA SPRAY 100ML,4,Transparente,12018404,UNID,588,588,100,1.1,0.93,0.19,ALTA,,,POR CREAR CODIGO,ACTUALIZAR PRECIO EN SISTEMA
1,HOGAR,20,IMPORTADOS,185,BOTELLA CON TAPA SPRAY 120ML,4,Transparente,12018504,UNID,441,441,100,1.2,1.02,0.21,ALTA,,,POR CREAR CODIGO,ACTUALIZAR PRECIO EN SISTEMA
1,HOGAR,20,IMPORTADOS,186,TAPA DISPENSADOR GEL 28/410,3,Solido,12018603,UNID,1000,1000,100,1.3,1.1,0.23,ALTA,,,POR CREAR CODIGO,ACTUALIZAR PRECIO EN SISTEMA
1,HOGAR,20,IMPORTADOS,187,TAPA ROCEADOR/ATOMIZADOR 28/410,3,Solido,12018703,UNID,500,500,100,1.5,1.27,0.26,ALTA,,,POR CREAR CODIGO,ACTUALIZAR PRECIO EN SISTEMA
1,HOGAR,20,IMPORTADOS,188,FUMIGADORA 1LT.,3,Solido,12018803,UNID,20,20,100,7,5.93,1.24,ALTA,,,POR CREAR CODIGO,ACTUALIZAR PRECIO EN SISTEMA
1,HOGAR,20,IMPORTADOS,189,FUMIGADORA 2LT.,3,Solido,12018903,UNID,20,20,100,9,7.63,1.59,ALTA,,,POR CREAR CODIGO,ACTUALIZAR PRECIO EN SISTEMA
1,HOGAR,20,IMPORTADOS,190,FUMIGADORA 3LT.,3,Solido,12019003,UNID,20,20,100,11,9.32,1.94,ALTA,,,POR CREAR CODIGO,ACTUALIZAR PRECIO EN SISTEMA
1,HOGAR,20,IMPORTADOS,191,ROCEADOR REDONDO 300ML. PASTEL,2,Pastel,12019102,DOC,10,20,100,24,20.34,4.24,ALTA,,,POR CREAR CODIGO,ACTUALIZAR PRECIO EN SISTEMA
1,HOGAR,20,IMPORTADOS,192,ROCEADOR ROLLITOS 350ML. PASTEL,2,Pastel,12019202,DOC,10,20,100,24,20.34,4.24,ALTA,,,POR CREAR CODIGO,ACTUALIZAR PRECIO EN SISTEMA
1,HOGAR,20,IMPORTADOS,193,ROCEADOR GATILLO 550ML. TRANSP.,4,Transparente,12019304,DOC,10,20,100,24,20.34,4.24,ALTA,,,POR CREAR CODIGO,ACTUALIZAR PRECIO EN SISTEMA
1,HOGAR,20,IMPORTADOS,194,DISPENSADOR AVAL 350ML. TRANSP.,4,Transparente,12019404,DOC,10,20,100,24,20.34,4.24,ALTA,,,POR CREAR CODIGO,ACTUALIZAR PRECIO EN SISTEMA
1,HOGAR,20,IMPORTADOS,195,PACK BOTELLA GATILLO 550ML + AVAL 350ML.,4,Transparente,12019504,DOC,5,10,100,48,40.68,8.47,ALTA,,,POR CREAR CODIGO,ACTUALIZAR PRECIO EN SISTEMA
1,HOGAR,13,JARRAS,196,JARRA GRECIA 5LT. APILABLE,4,Transparente,11319604,DOC,5,10,310,90,76.27,5.13,ALTA,,,POR CREAR CODIGO,ACTUALIZAR PRECIO EN SISTEMA
1,HOGAR,16,SPORT BOTTLE,197,SPORT BOTTLE SORBETE 300ML.,1,Caramelo,11619701,DOC,10,20,60,29,24.58,8.53,ALTA,,,POR CREAR CODIGO,ACTUALIZAR PRECIO EN SISTEMA
1,HOGAR,16,SPORT BOTTLE,198,SPORT BOTTLE SORBETE 400ML.,1,Caramelo,11619801,DOC,10,20,60,31,26.27,9.12,ALTA,,,POR CREAR CODIGO,ACTUALIZAR PRECIO EN SISTEMA
1,HOGAR,21,CESTAS,199,PANERITA CORAZON 1/2KG. PASTEL,2,Pastel,12119902,DOC,20,80,20,8,6.78,7.06,ALTA,7.75933E+12,MUNDO HOGAR,PANERITA CORAZÓN CAP. 1/2KG. COLOR PASTEL,ACTUALIZAR PRECIO EN SISTEMA
1,HOGAR,21,CESTAS,200,PANERITA MANZANA 1/2KG. PASTEL,2,Pastel,12120002,DOC,20,80,20,8,6.78,7.06,ALTA,7.75933E+12,MUNDO HOGAR,PANERITA MANZANA CAP. 1/2KG. COLOR PASTEL,ACTUALIZAR PRECIO EN SISTEMA
1,HOGAR,21,CESTAS,201,MINICANASTA SUPERMERCADO 1KG. PASTEL,2,Pastel,12120102,DOC,20,80,33,13,11.02,6.96,ALTA,7.75933E+12,MUNDO HOGAR,MINICANASTA SUPERMERCADO CAP. 1KG. COLOR PASTEL,ACTUALIZAR PRECIO EN SISTEMA
1,HOGAR,21,CESTAS,202,CANASTA CAROLINA 4KG. PASTEL,2,Pastel,12120202,DOC,5,10,144,48,40.68,5.89,ALTA,7.75933E+12,MUNDO HOGAR,CANASTA CAROLINA CAP. 4KG. COLOR PASTEL,ACTUALIZAR PRECIO EN SISTEMA
1,HOGAR,21,CESTAS,203,CANASTA SAMANTA,1,Caramelo,12120301,DOC,5,10,170,67,56.78,6.96,ALTA,,,POR CREAR CODIGO,ACTUALIZAR PRECIO EN SISTEMA
1,HOGAR,15,SALSEROS,204,SALSERO PERITA 225ML.,4,Transparente,11520404,DOC,20,80,27,14.5,12.29,9.48,ALTA,7.75933E+12,MUNDO HOGAR,SALSERO PERITA TRANSPARENTE CAP. 225 ML.,ACTUALIZAR PRECIO EN SISTEMA
1,HOGAR,15,SALSEROS,205,SALSERO PERITA 375ML.,4,Transparente,11520504,DOC,20,80,30,16.8,14.24,9.89,ALTA,,,POR CREAR CODIGO,ACTUALIZAR PRECIO EN SISTEMA
1,HOGAR,14,PACKS,206,PACK: ENVASE BELGICA 4KG. + TAPER 2.8KG,4,Transparente,11420604,DOC,1,2,335,110,93.22,5.8,ALTA,7.75933E+12,MUNDO HOGAR,ENVASE BELGICA 4KG + TAPER ALEMAN 2800 ML,ACTUALIZAR PRECIO EN SISTEMA
1,HOGAR,14,PACKS,207,PACK: CANASTAS PRACTIHOGAR X 4 PASTEL,2,Pastel,11420702,DOC,1,2,223,84,71.19,6.65,ALTA,7.75933E+12,MUNDO HOGAR,PACK CANASTAS PRACTIHOGAR: CAN.CAR.CAP.4KG.+(PAN.:COR.+MAN.CAP 1/2KG.C/U)+MINICAN.SUP.CAP.1KG.,ACTUALIZAR PRECIO EN SISTEMA
1,HOGAR,14,PACKS,208,PACK: SALSERO 600ML. + CEPILLO ESPONJA,4,Transparente,11420804,DOC,10,20,90,32,27.12,6.28,ALTA,7.75933E+12,MUNDO HOGAR,4 SALSERO TRANSPARENTE CAP. 600ML. + CEPILLO ESPONJA COLORES VARIADOS,ACTUALIZAR PRECIO EN SISTEMA
1,HOGAR,15,SALSEROS,209,SALSERO EXTRA 600ML. ,4,Transparente,11520904,DOC,10,40,48,26,22.03,9.56,ALTA,7.75933E+12,MUNDO HOGAR,SALSERO EXTRA TRANSPARENTE CAP. 600ML.,ACTUALIZAR PRECIO EN SISTEMA
1,HOGAR,15,SALSEROS,210,SALSERO EXTRA 1200ML. ,4,Transparente,11521004,DOC,10,40,75,36,30.51,8.47,ALTA,7.75933E+12,MUNDO HOGAR,SALSERO EXTRA TRANSPARENTE CAP. 1200ML.,ACTUALIZAR PRECIO EN SISTEMA
1,HOGAR,21,CESTAS,211,PORTAVAJILLA MUNDO HOGAR PASTEL,2,Pastel,12121102,UNID,1,20,976,24,20.34,0.43,ALTA,7.75933E+12,MUNDO HOGAR,PORTAVAJILLA COLOR PASTEL,
1,HOGAR,11,ENVASES,212,PORTA ACCESORIO MULTIUSO PASTEL,2,Pastel,11121202,DOC,10,20,60,23,19.49,6.77,ALTA,7.75933E+12,MUNDO HOGAR,PORTA ACCESORIO MULTIUSO COLOR PASTEL,
1,HOGAR,19,VASOS,213,VASO MUNDO MANZANITA PASTEL,2,Pastel,11921302,DOC,60,20,21,10,8.47,8.41,ALTA,7.75933E+12,MUNDO HOGAR,VASO MUNDO MANZANITA COLOR PASTEL,
1,HOGAR,21,CESTAS,214,PORTAVAJILLA MUNDO HOGAR SOLIDO,3,Solido,12121403,UNID,1,20,976,24,20.34,0.43,ALTA,7.75933E+12,MUNDO HOGAR,PORTAVAJILLA COLOR SOLIDO,
1,HOGAR,26,MULTIUSO,215,PORTA ACCESORIO MULTIUSO OFICINA,3,solido,12621503,DOC,10,20,60,23,19.49,6.77,ALTA,7.75933E+12,MUNDO HOGAR,PORTA ACCESORIO MULTIUSO COLOR CARAMELO,
1,HOGAR,19,VASOS,216,VASO MUNDO MANZANITA CARAMELO,1,Caramelo,11921601,DOC,60,120,21,7,5.93,5.89,ALTA,7.75933E+12,MUNDO HOGAR,VASO MUNDO MANZANITA COLOR CARAMELO,
1,HOGAR,19,VASOS,217,VASO MUNDO MANZANITA TRANSP.,4,Transparente,11921704,DOC,60,120,21,7,5.93,5.89,ALTA,7.75933E+12,MUNDO HOGAR,VASO MUNDO MANZANITA COLOR TRANSPARENTE,
1,HOGAR,14,PACKS,218,PACK: JARRA REAL 6LT.+3 VASOS MANZ.,4,Transparente,11421804,DOC,2,6,353,120,101.69,6,ALTA,,,,
1,HOGAR,11,ENVASES,219,PORTA ACCESORIO MULTIUSO SOLIDO,3,solido,11121903,DOC,10,20,60,23,19.49,6.77,ALTA,,,,
1,HOGAR,11,ENVASES,220,CESTO MULTIUSO,3,solido,11122003,DOC,5,10,100,42,35.59,7.42,ALTA,7.76E+12,MUNDO HOGAR,,
1,HOGAR,12,FLOREROS,221,FLORERO ITALIANO CARAMELO,1,Caramelo,11222101,DOC,4,16,62,34,28.81,9.68,ALTA,7.76E+12,MUNDOPLAST,FLORERO DE PLASTICO ITALIANO,ACTUALIZAR PRECIO EN SISTEMA
1,HOGAR,12,FLOREROS,222,FLORERO ITALIANO GRANDE CARAMELO,1,Caramelo,11222201,DOC,4,16,84,38,32.2,7.99,ALTA,7.76E+12,MUNDOPLAST,FLORERO DE PLASTICO ITALIANO GRANDE,ACTUALIZAR PRECIO EN SISTEMA
1,HOGAR,16,SPORT BOTTLE,223,SPORT BOTTLE AVENTURA CLICK 350ML. TRANSP.,4,Transparente,11622304,DOC,10,40,65,29,24.58,7.88,ALTA,,,,
1,HOGAR,16,SPORT BOTTLE,224,SPORT BOTTLE AVENTURA CLICK 350ML. CARAMELO,1,Caramelo,11622401,DOC,10,40,65,29,24.58,7.88,ALTA,,,,
1,HOGAR,14,PACKS,225,PACK: ESCOLAR MIXTO 550ML. + 300ML.,5,Varios,11422505,DOC,5,10,66,40,33.9,10.7,ALTA,,,,
1,HOGAR,14,PACKS,226,PACK: ESCOLAR MIXTO AVENTURA 550ML + 350ML.,5,Varios,11422605,DOC,5,10,66,40,33.9,10.7,ALTA,,,,
1,HOGAR,19,CESTAS,227,CANASTA PICKNIC PASTEL,2,Pastel,11922702,DOC,5,10,234,90,76.27,6.79,ALTA,7.76E+12,,,
1,HOGAR,19,CESTAS,228,FRUTERO CORONITA PASTEL,2,Pastel,11922802,DOC,20,40,72,36,30.51,8.83,ALTA,7.76E+12,,,
1,HOGAR,11,ENVASES,229,LAVACUELA PASTEL,2,Pastel,11122902,DOC,10,20,100,36,30.51,6.36,ALTA,,,,
1,HOGAR,11,ENVASES,230,CAJA MULTIUSO #20 CARAMELO,1,Caramelo,11123001,UNID,24,48,980,20,16.95,0.36,ALTA,,,,
1,HOGAR,11,ENVASES,231,CAJA MULTIUSO #20 TRANSP.,4,Transparente,11123104,UNID,24,48,980,20,16.95,0.36,ALTA,,,,
1,HOGAR,14,PACKS,232,PACK:PORTAVAJILLA + PORTA ACCESORIO PASTEL,2,Pastel,11423202,DOC,1,2,"1,036.00",312,264.41,5.32,ALTA,,,,
1,HOGAR,16,SPORT BOTTLE,233,SPORT BOTTLE CLICK CRISTAL 300ML.,5,Varios,11623305,DOC,10,40,60,34,28.81,10,ALTA,,,,
1,HOGAR,16,SPORT BOTTLE,234,SPORT BOTTLE CLICK CRISTAL 350ML.,5,Varios,11623405,DOC,10,40,60,36,30.51,10.59,ALTA,,,,
1,HOGAR,16,SPORT BOTTLE,235,SPORT BOTTLE CLICK CRISTAL 450ML.,5,Varios,11623505,DOC,10,40,60,40,33.9,11.77,ALTA,,,,
1,HOGAR,16,SPORT BOTTLE,236,SPORT BOTTLE CLICK CRISTAL 750ML.,5,Varios,11623605,DOC,10,40,60,50,42.37,14.71,ALTA,,,,
1,HOGAR,16,SPORT BOTTLE,237,SPORT BOTTLE CLICK AVENTURA 350ML.,5,Varios,11623705,DOC,10,40,60,32,27.12,9.42,ALTA,,,,
1,HOGAR,16,SPORT BOTTLE,238,SPORT BOTTLE CLICK AVENTURA 600ML.,5,Varios,11623805,DOC,10,40,60,36,30.51,10.59,ALTA,,,,
1,HOGAR,16,SPORT BOTTLE,239,SPORT BOTTLE CLICK AVENTURA 750ML.,5,Varios,11623905,DOC,10,40,60,45,38.14,13.24,ALTA,,,,
1,HOGAR,16,SPORT BOTTLE,240,SPORT BOTTLE SORBETE AVENTURA 300ML.,5,Varios,11624005,DOC,10,40,60,32,27.12,9.42,ALTA,,,,
1,HOGAR,16,SPORT BOTTLE,241,SPORT BOTTLE SORBETE AVENTURA 350ML.,5,Varios,11624105,DOC,10,40,60,36,30.51,10.59,ALTA,,,,
1,HOGAR,16,SPORT BOTTLE,242,SPORT BOTTLE SORBETE AVENTURA 450ML.,5,Varios,11624205,DOC,10,40,60,45,38.14,13.24,ALTA,,,,
1,HOGAR,14,PACKS,243,PACK: TAPER 550ML+ VASO MANZANITA,5,Varios,11424305,DOC,5,10,56,40,33.9,12.61,ALTA,,,,
1,HOGAR,15,SALSEROS,244,SALSERO CLICK COL 300ML.,4,Transparente,11524404,DOC,10,40,30,13.5,11.44,7.94,ALTA,,,,
1,HOGAR,15,SALSEROS,245,SALSERO CLICK COL 400ML.,4,Transparente,11524504,DOC,10,40,32,15.5,13.14,8.55,ALTA,,,,
1,HOGAR,15,SALSEROS,246,SALSERO CLICK PERITA 225ML.,4,Transparente,11524604,DOC,10,40,27,14.5,12.29,9.48,ALTA,,,,
1,HOGAR,19,VASOS,247,VASO MUNDO MANZANITA,1,Caramelo,11924701,DOC,30,120,21,7,5.93,5.89,ALTA,,,,
1,HOGAR,14,PACKS,248,PACK:PORTAVAJILLA + PORTA ACCESORIO CARAMELO,1,Caramelo,11424801,DOC,1,2,"1,036.00",312,264.41,5.32,ALTA,,,,
1,HOGAR,12,FLOREROS,249,FLORERO DIAMANTE CARAMELO,1,Caramelo,11224901,DOC,4,16,84,32,27.12,6.73,ALTA,,,,
1,HOGAR,15,SALSEROS,250,SALSERO IDEAL CARITAS 600ML.,5,Varios,11525005,DOC,10,40,48,26,22.03,9.56,ALTA,,,POR CREAR CODIGO,ACTUALIZAR PRECIO EN SISTEMA
1,HOGAR,17,TAPERS,251,TAPER ALEMAN 2.8KG. CARAMELO LILA ,1,Caramelo,11725101,DOC,5,10,135,45,38.14,5.89,ALTA,,,,ACTUALIZAR PRECIO EN SISTEMA
1,HOGAR,17,TAPERS,252,TAPER ALEMAN 1.1KG. CARAMELO LILA,1,Caramelo,11725201,DOC,10,20,71,23,19.49,5.72,ALTA,,,,ACTUALIZAR PRECIO EN SISTEMA
1,HOGAR,19,CESTAS,253,FRUTERO CORONITA CARAMELO LILA,1,Caramelo,11925301,DOC,20,40,72,36,30.51,8.83,ALTA,,,,
1,HOGAR,12,FLOREROS,254,FLORERO DIAMANTE CARAMELO LILA,1,Caramelo,11225401,DOC,4,16,84,32,27.12,6.73,ALTA,,,,
1,HOGAR,12,FLOREROS,255,FLORERO ITALIANO CARAMELO LILA,1,Caramelo,11225501,DOC,4,16,62,34,28.81,9.68,ALTA,7.76E+12,MUNDOPLAST,FLORERO DE PLASTICO ITALIANO,ACTUALIZAR PRECIO EN SISTEMA
1,HOGAR,12,FLOREROS,256,FLORERO ITALIANO GRANDE CARAMELO LILA,1,Caramelo,11225601,DOC,4,16,84,38,32.2,7.99,ALTA,7.76E+12,MUNDOPLAST,FLORERO DE PLASTICO ITALIANO GRANDE,ACTUALIZAR PRECIO EN SISTEMA
1,HOGAR,15,SALSEROS,257,SALSERO IDEAL  X 3 T/D 300ML.,4,Transparente,11525704,DOC,10,40,26,12,10.17,8.15,ALTA,7.75933E+12,MUNDO ENVASES,SALSERO IDEAL TRANSPARENTE 300 ML TAPA DOBLE # 1,ACTUALIZAR PRECIO EN SISTEMA
1,HOGAR,15,SALSEROS,258,SALSERO IDEAL X 3 T/D 400ML. ,4,Transparente,11525804,DOC,10,40,28,14,11.86,8.83,ALTA,7.75933E+12,MUNDO ENVASES,SALSERO IDEAL TRANSPARENTE 400 ML TAPA DOBLE # 1,ACTUALIZAR PRECIO EN SISTEMA
1,HOGAR,12,FLOREROS,259,FLORERO AMERICANO PASTEL,2,Pastel,11225902,DOC,6,24,62,26,22.03,7.4,ALTA,7.75933E+12,MUNDOPLAST,FLORERO DE PLASTICO AMERICANO,ACTUALIZAR PRECIO EN SISTEMA
1,HOGAR,12,FLOREROS,260,FLORERO CISNE PASTEL,2,Pastel,11226002,DOC,6,24,62,26,22.03,7.4,ALTA,7.75933E+12,MUNDOPLAST,FLORERO DE PLASTICO AMERICANO,ACTUALIZAR PRECIO EN SISTEMA
1,HOGAR,16,SPORT BOTTLE,261,SPORT BOTTLE ULTRA 900ML,5,Varios,11626105,DOC,10,40,65,29,24.58,7.88,ALTA,,,,
1,HOGAR,16,SPORT BOTTLE,262,SPORT BOTTLE ULTRA 650ML,5,Varios,11626205,DOC,10,40,65,29,24.58,7.88,ALTA,,,,
1,HOGAR,10,EMBUDOS,263,EMBUDO #3,3,Solido,11026303,DOC,20,40,35,11.5,9.75,5.8,ALTA,,MUNDOPLAST,EMBUDO # 2,ACTUALIZAR PRECIO EN SISTEMA
1,HOGAR,17,TAPERS,264,TAPER REDONDO DE 1.5LT CON VALVULA,3,Solido,11726403,DOC,10,20,71,23,19.49,5.72,ALTA,7.75933E+12,MUNDO HOGAR,TAPER ALEMAN DE 1100 ML COLOR CARAMELO,ACTUALIZAR PRECIO EN SISTEMA
1,HOGAR,17,TAPERS,265,TAPER REDONDO DE 2.5LT CON VALVULA,3,Solido,11726503,DOC,10,20,71,23,19.49,5.72,ALTA,7.75933E+12,MUNDO HOGAR,TAPER ALEMAN DE 1100 ML COLOR CARAMELO,ACTUALIZAR PRECIO EN SISTEMA
1,HOGAR,14,PACKS,266,PACK: TAPER SET X 2 REDONDO,3,Solido,11426603,DOC,1,12,241,79.5,67.37,5.82,ALTA,,,POR CREAR CODIGO,ACTUALIZAR PRECIO EN SISTEMA
1,HOGAR,14,CESTAS,267,CAJA ORGANIZADORA REAL #5,3,Solido,11426703,DOC,1,12,241,79.5,67.37,5.82,ALTA,,,POR CREAR CODIGO,ACTUALIZAR PRECIO EN SISTEMA
1,HOGAR,14,CESTAS,268,CAJA ORGANIZADORA REAL #10,3,Solido,11426803,DOC,1,12,241,79.5,67.37,5.82,ALTA,,,POR CREAR CODIGO,ACTUALIZAR PRECIO EN SISTEMA
1,HOGAR,14,CESTAS,269,CAJA ORGANIZADORA REAL #15,3,Solido,11426903,DOC,1,12,241,79.5,67.37,5.82,ALTA,,,POR CREAR CODIGO,ACTUALIZAR PRECIO EN SISTEMA
1,HOGAR,17,TAPERS,270,TAPER REDONDO DE 1.5LT CARAMELO,1,Caramelo,11727001,DOC,10,20,71,23,19.49,5.72,ALTA,7.75933E+12,MUNDO HOGAR,TAPER ALEMAN DE 1100 ML COLOR CARAMELO,ACTUALIZAR PRECIO EN SISTEMA
1,HOGAR,17,TAPERS,271,TAPER REDONDO DE 2.5LT CARAMELO,1,Caramelo,11727101,DOC,10,20,71,23,19.49,5.72,ALTA,7.75933E+12,MUNDO HOGAR,TAPER ALEMAN DE 1100 ML COLOR CARAMELO,ACTUALIZAR PRECIO EN SISTEMA
1,HOGAR,14,PACKS,272,PACK: CANASTA CAROLINA + MINICANASTA + PANERA,3,Solido,11427203,DOC,10,20,90,32,27.12,6.28,ALTA,7.75933E+12,MUNDO HOGAR,4 SALSERO TRANSPARENTE CAP. 600ML. + CEPILLO ESPONJA COLORES VARIADOS,ACTUALIZAR PRECIO EN SISTEMA
1,HOGAR,12,FLOREROS,273,FLORERO ROMANO GRANDE CARAMELO,1,Caramelo,11227301,DOC,4,16,84,38,32.2,7.99,ALTA,7.76E+12,MUNDOPLAST,FLORERO DE PLASTICO ITALIANO GRANDE,ACTUALIZAR PRECIO EN SISTEMA
1,HOGAR,20,IMPORTADOS,274,LIMPIADOR DE BOTELLAS,3,Solido,12027403,UNID,500,500,100,1.5,1.27,0.26,ALTA,,,POR CREAR CODIGO,ACTUALIZAR PRECIO EN SISTEMA
1,HOGAR,21,CESTAS,275,ESCURRIDOR DE PORTAVAJILLA,2,Pastel,12127502,UNID,50,10,,,,,,,,,
1,HOGAR,10,EMBUDOS,276,EMBUDO #4 EXP,3,Solido,11027603,DOC,5,10,130,36,30.51,4.89,ALTA,7.75933E+12,MUNDOPLAST,EMBUDO # 4,ACTUALIZAR PRECIO EN SISTEMA
1,HOGAR,10,EMBUDOS,277,EMBUDO #1 X 12 EXP,3,Solido,11027703,DOC,40,80,22,8.5,7.2,6.82,ALTA,7.75933E+12,MUNDOPLAST,EMBUDO # 1,ACTUALIZAR PRECIO EN SISTEMA
1,HOGAR,10,EMBUDOS,278,EMBUDO #2 X 12 EXP,3,Solido,11027803,DOC,20,40,35,11.5,9.75,5.8,ALTA,7.75933E+12,MUNDOPLAST,EMBUDO # 2,ACTUALIZAR PRECIO EN SISTEMA
1,HOGAR,10,EMBUDOS,279,EMBUDO GIGANTE EXP,3,Solido,11027903,DOC,5,10,177,48,40.68,4.79,ALTA,7.75933E+12,MUNDOPLAST,EMBUDO GIGANTE,ACTUALIZAR PRECIO EN SISTEMA
1,HOGAR,12,FLOREROS,280,FLORERO DIAMANTE PASTEL,2,Pastel,11228002,DOC,4,16,84,32,27.12,6.73,ALTA,,,,
1,HOGAR,12,FLOREROS,281,FLORERO ROMANO GRANDE PASTEL,2,Pastel,11228102,DOC,4,16,84,38,32.2,7.99,ALTA,7.76E+12,MUNDOPLAST,FLORERO DE PLASTICO ITALIANO GRANDE,ACTUALIZAR PRECIO EN SISTEMA
1,HOGAR,12,FLOREROS,282,FLORERO ITALIANO GRANDE PASTEL,2,Pastel,11228202,DOC,4,16,84,38,32.2,7.99,ALTA,7.76E+12,MUNDOPLAST,FLORERO DE PLASTICO ITALIANO GRANDE,ACTUALIZAR PRECIO EN SISTEMA
1,HOGAR,17,TAPERS,283,TAPER ALEMAN 1/2KG. ,3,Solido,11728303,DOC,20,40,35,11.5,9.75,5.8,ALTA,7.75933E+12,MUNDOPLAST,TAPER ALEMAN DE 550 ML,ACTUALIZAR PRECIO EN SISTEMA
1,HOGAR,17,TAPERS,284,TAPER ALEMAN 1.1KG. SOLIDO,3,Solido,11728403,DOC,10,20,71,23,19.49,5.72,ALTA,7.75933E+12,MUNDO HOGAR,TAPER ALEMAN DE 1100 ML COLORES VARIADOS SOLIDOS,ACTUALIZAR PRECIO EN SISTEMA
1,HOGAR,17,TAPERS,285,TAPER ALEMAN 2.8KG. SOLIDO,3,Solido,11728503,DOC,5,10,135,45,38.14,5.89,ALTA,7.75933E+12,MUNDO HOGAR,TAPER ALEMAN DE 2800 ML COLORES VARIADOS SOLIDOS,ACTUALIZAR PRECIO EN SISTEMA
1,HOGAR,14,CESTAS,286,CAJA ORGANIZADORA REAL #3 TRANSPARENTE,4,Transparente,11428604,DOC,5,10,150,36,30.51,4.24,ALTA,,,POR CREAR CODIGO,ACTUALIZAR PRECIO EN SISTEMA
1,HOGAR,14,CESTAS,287,CAJA ORGANIZADORA REAL #3 PASTEL,2,Pastel,11428702,DOC,5,10,150,36,30.51,4.24,ALTA,,,POR CREAR CODIGO,ACTUALIZAR PRECIO EN SISTEMA
1,HOGAR,14,CESTAS,288,CAJA ORGANIZADORA REAL #2 TRANSPARENTE,4,Transparente,11428804,DOC,,,,, -   ,#DIV/0!,ALTA,,,POR CREAR CODIGO,ACTUALIZAR PRECIO EN SISTEMA
1,HOGAR,14,CESTAS,289,CAJA ORGANIZADORA REAL #2 CARAMELO,1,Caramelo,11428901,DOC,,,,, -   ,#DIV/0!,ALTA,,,POR CREAR CODIGO,ACTUALIZAR PRECIO EN SISTEMA
1,HOGAR,14,CESTAS,290,CAJA ORGANIZADORA REAL #2 PASTEL,2,Pastel,11429002,DOC,,,,, -   ,#DIV/0!,ALTA,,,POR CREAR CODIGO,ACTUALIZAR PRECIO EN SISTEMA
1,HOGAR,14,CESTAS,288,CAJA ORGANIZADORA REAL #2 SOLIDO,3,Solido,11428803,DOC,,,,, -   ,#DIV/0!,ALTA,,,POR CREAR CODIGO,ACTUALIZAR PRECIO EN SISTEMA
1,HOGAR,14,CESTAS,286,CAJA ORGANIZADORA REAL #3 CARAMELO,1,Caramelo,11428601,DOC,5,10,,48,40.68,#DIV/0!,ALTA,,,POR CREAR CODIGO,ACTUALIZAR PRECIO EN SISTEMA
1,HOGAR,14,CESTAS,287,CAJA ORGANIZADORA REAL #3 SOLIDO,3,Solido,11428703,DOC,5,10,,48,40.68,#DIV/0!,ALTA,,,POR CREAR CODIGO,ACTUALIZAR PRECIO EN SISTEMA
1,HOGAR,16,SPORT BOTTLE,288,TOMATODO PUBL,1,Caramelo,11628801,DOC,5,10,,48,40.68,#DIV/0!,ALTA,,,,
1,HOGAR,16,SPORT BOTTLE,289,SPORT BOTTLE CLICK CRISTAL 700ML.,5,Varios,11628905,DOC,10,20,,50,42.37,#DIV/0!,ALTA,,,,
1,HOGAR,16,SPORT BOTTLE,290,SPORT BOTTLE AVENTURA CLICK 350ML. PASTEL ,2,Pastel,11629002,DOC,10,40,65,29,24.58,7.88,ALTA,,,,
1,HOGAR,14,PACKS,291,PACK: CAJA ORGANIZADORA #3 + TAPER 550ML + SPORT BOTTLE CLICK 350 ML,5,Varios,11429105,DOC,10,20,90,32,27.12,6.28,ALTA,7.75933E+12,MUNDO HOGAR,4 SALSERO TRANSPARENTE CAP. 600ML. + CEPILLO ESPONJA COLORES VARIADOS,ACTUALIZAR PRECIO EN SISTEMA
1,HOGAR,14,CESTAS,292,CAJA ORGANIZADORA ESCOLAR #3 PASTEL ,2,Pastel,11429202,DOC,5,10,,48,40.68,#DIV/0!,ALTA,,,POR CREAR CODIGO,ACTUALIZAR PRECIO EN SISTEMA
1,HOGAR,14,CESTAS,293,CAJA ORGANIZADORA ESCOLAR #3 CARAMELO,1,Caramelo,11429301,DOC,,,,, -   ,#DIV/0!,ALTA,,,POR CREAR CODIGO,ACTUALIZAR PRECIO EN SISTEMA
1,HOGAR,14,CESTAS,294,CAJA ORGANIZADORA ESCOLAR #2 CARAMELO,1,Caramelo,11429401,DOC,,,,, -   ,#DIV/0!,ALTA,,,POR CREAR CODIGO,ACTUALIZAR PRECIO EN SISTEMA
1,HOGAR,14,CESTAS,295,CAJA ORGANIZADORA ESCOLAR  #2 PASTEL,2,Pastel,11429502,DOC,,,,, -   ,#DIV/0!,ALTA,,,POR CREAR CODIGO,ACTUALIZAR PRECIO EN SISTEMA
1,HOGAR,14,PACKS,296,PACK: CAJA ORGANIZADORA #3 + TAPER 550ML + SPORT BOTTLE CLICK 350 ML PASTEL,2,Pastel,11429602,DOC,10,20,90,32,27.12,6.28,ALTA,7.75933E+12,MUNDO HOGAR,4 SALSERO TRANSPARENTE CAP. 600ML. + CEPILLO ESPONJA COLORES VARIADOS,ACTUALIZAR PRECIO EN SISTEMA
1,HOGAR,14,CESTAS,297,CAJA ORGANIZADORA ESCOLAR  #2 CARAMELO,1,Caramelo,11429701,DOC,,,,, -   ,#DIV/0!,ALTA,,,POR CREAR CODIGO,ACTUALIZAR PRECIO EN SISTEMA
1,HOGAR,14,CESTAS,298,CAJA ORGANIZADORA REAL #5 PASTEL,2,Pastel,11429802,DOC,1,12,241,79.5,67.37,5.82,ALTA,,,POR CREAR CODIGO,ACTUALIZAR PRECIO EN SISTEMA
1,HOGAR,14,CESTAS,299,CAJA ORGANIZADORA REAL #10 PASTEL,2,Pastel,11429902,DOC,1,12,241,79.5,67.37,5.82,ALTA,,,POR CREAR CODIGO,ACTUALIZAR PRECIO EN SISTEMA
1,HOGAR,14,PACKS,300,PACK: JARRA REAL 6LT+ 3 VASOS MANZANA,4,Transparente,11430004,DOC,2,6,364,116,98.31,5.63,ALTA,,,POR CREAR CODIGO,ACTUALIZAR PRECIO EN SISTEMA
1,HOGAR,14,CESTAS,301,COLADOR HOGAR  #1 SOLIDO,3,Solido,11430103,DOC,,,,, -   ,#DIV/0!,ALTA,,,POR CREAR CODIGO,ACTUALIZAR PRECIO EN SISTEMA
1,HOGAR,14,CESTAS,302,COLADOR HOGAR  #2 SOLIDO,3,Solido,11430203,DOC,,,,, -   ,#DIV/0!,ALTA,,,POR CREAR CODIGO,ACTUALIZAR PRECIO EN SISTEMA
1,HOGAR,14,CESTAS,303,COLADOR HOGAR  #3 SOLIDO,3,Solido,11430303,DOC,,,,, -   ,#DIV/0!,ALTA,,,POR CREAR CODIGO,ACTUALIZAR PRECIO EN SISTEMA
1,HOGAR,14,CESTAS,304,COLADOR HOGAR  #4 SOLIDO,3,Solido,11430403,DOC,,,,, -   ,#DIV/0!,ALTA,,,POR CREAR CODIGO,ACTUALIZAR PRECIO EN SISTEMA
1,HOGAR,14,PACKS,305,PACK: COLADORES HOGAR ,3,Solido,11430503,DOC,10,20,90,32,27.12,6.28,ALTA,7.75933E+12,MUNDO HOGAR,4 SALSERO TRANSPARENTE CAP. 600ML. + CEPILLO ESPONJA COLORES VARIADOS,ACTUALIZAR PRECIO EN SISTEMA
1,HOGAR,14,PACKS,306,PACK: JARRA REAL 5LT+ 3 VASOS MANZANA,4,Transparente,11430604,DOC,2,6,364,116,98.31,5.63,ALTA,,,POR CREAR CODIGO,ACTUALIZAR PRECIO EN SISTEMA
1,HOGAR,12,FLOREROS,307,FLORERO ITALIANO GRANDE PASTEL,2,Pastel,11230702,DOC,4,16,84,38,32.2,7.99,ALTA,7.76E+12,MUNDOPLAST,FLORERO DE PLASTICO ITALIANO GRANDE,ACTUALIZAR PRECIO EN SISTEMA
1,HOGAR,14,PACKS,308,PACK: ESCOLAR CAPI 550ML + 350ML.,5,Varios,11430805,DOC,5,10,104,34,28.81,5.77,ALTA,,,,
1,HOGAR,14,PACKS,309,PACK: ESCOLAR CAPI 550ML + 350ML. PASTEL,2,Pastel,11430902,DOC,5,10,104,34,28.81,5.77,ALTA,,,,
1,HOGAR,14,CESTAS,310,CAJA ORGANIZADORA CAPI #3 PASTEL,2,Pastel,11431002,DOC,5,10,140,48,40.68,6.05,ALTA,,,POR CREAR CODIGO,ACTUALIZAR PRECIO EN SISTEMA
1,HOGAR,14,CESTAS,311,CAJA ORGANIZADORA CAPI #3 CARAMELO,1,Caramelo,11431101,DOC,5,10,140,48,40.68,6.05,ALTA,,,POR CREAR CODIGO,ACTUALIZAR PRECIO EN SISTEMA
1,HOGAR,14,CESTAS,312,CAJA ORGANIZADORA CAPI #2 PASTEL,2,Pastel,11431202,DOC,5,10,90,48,40.68,9.42,ALTA,,,POR CREAR CODIGO,ACTUALIZAR PRECIO EN SISTEMA
1,HOGAR,14,CESTAS,313,CAJA ORGANIZADORA CAPI #2 CARAMELO,1,Caramelo,11431301,DOC,5,10,90,48,40.68,9.42,ALTA,,,POR CREAR CODIGO,ACTUALIZAR PRECIO EN SISTEMA
1,HOGAR,13,JARRAS,314,JARRA GRECIA 500ML. C/N TAPA,4,Transparente,11331404,DOC,20,80,35,10.5,8.9,5.3,ALTA,7.75933E+12,MUNDOPLAST,JARRA REAL 500 ML,ACTUALIZAR PRECIO EN SISTEMA
1,HOGAR,13,JARRAS,315,JARRA GRECIA 500ML C/N TAPA CARAMELO ,1,Caramelo,11331501,DOC,20,80,35,10.5,8.9,5.3,ALTA,,,POR CREAR CODIGO,ACTUALIZAR PRECIO EN SISTEMA
1,HOGAR,13,JARRAS,316,PACK: JARRA GRECIA 5LT+ SPORT BOTTLE 600ML + TAPER ALEMAN 1/2KG,4,Transparente,11331604,DOC,20,80,35,10.5,8.9,5.3,ALTA,,,POR CREAR CODIGO,ACTUALIZAR PRECIO EN SISTEMA
1,HOGAR,26,MULTIUSO,317,PACK: COLADORES HOGAR ,3,Solido,12631703,DOC,10,20,90,32,27.12,6.28,ALTA,7.75933E+12,MUNDO HOGAR,4 SALSERO TRANSPARENTE CAP. 600ML. + CEPILLO ESPONJA COLORES VARIADOS,ACTUALIZAR PRECIO EN SISTEMA
1,HOGAR,26,MULTIUSO,318,CUBIERTO MULTIUSO PASTEL ,2,Pastel,12631802,DOC,10,20,,32,27.12,#DIV/0!,ALTA,7.75933E+12,MUNDO HOGAR,4 SALSERO TRANSPARENTE CAP. 600ML. + CEPILLO ESPONJA COLORES VARIADOS,ACTUALIZAR PRECIO EN SISTEMA
1,HOGAR,26,MULTIUSO,319,CUBIERTO MULTIUSO CARAMELO,1,Caramelo,12631901,DOC,10,20,,32,27.12,#DIV/0!,ALTA,7.75933E+12,MUNDO HOGAR,4 SALSERO TRANSPARENTE CAP. 600ML. + CEPILLO ESPONJA COLORES VARIADOS,ACTUALIZAR PRECIO EN SISTEMA
1,HOGAR,26,MULTIUSO,320,PORTACUBIERTO MULTIUSO PASTEL,2,Pastel,12632002,DOC,10,20,,32,27.12,#DIV/0!,ALTA,7.75933E+12,MUNDO HOGAR,4 SALSERO TRANSPARENTE CAP. 600ML. + CEPILLO ESPONJA COLORES VARIADOS,ACTUALIZAR PRECIO EN SISTEMA
1,HOGAR,26,MULTIUSO,321,PORTACUBIERTO MULTIUSO CARAMELO,1,Caramelo,12632101,DOC,10,20,,32,27.12,#DIV/0!,ALTA,7.75933E+12,MUNDO HOGAR,4 SALSERO TRANSPARENTE CAP. 600ML. + CEPILLO ESPONJA COLORES VARIADOS,ACTUALIZAR PRECIO EN SISTEMA
1,HOGAR,26,MULTIUSO,322,JABONERA OSITO PASTEL,2,Pastel,12632202,DOC,10,20,,32,27.12,#DIV/0!,ALTA,7.75933E+12,MUNDO HOGAR,4 SALSERO TRANSPARENTE CAP. 600ML. + CEPILLO ESPONJA COLORES VARIADOS,ACTUALIZAR PRECIO EN SISTEMA
1,HOGAR,26,MULTIUSO,323,JABONERA OSITO CARAMELO,1,Caramelo,12632301,DOC,10,20,,32,27.12,#DIV/0!,ALTA,7.75933E+12,MUNDO HOGAR,4 SALSERO TRANSPARENTE CAP. 600ML. + CEPILLO ESPONJA COLORES VARIADOS,ACTUALIZAR PRECIO EN SISTEMA
1,HOGAR,26,MULTIUSO,324,PORTAYOGURT,4,Transparente,12632404,DOC,10,20,,,,,,,,,
1,HOGAR,14,PACKS,325,PACK: PORTACUBIERTO + CUBIERTO PASTEL,2,Pastel,11432502,DOC,20,6,364,116,98.31,5.63,ALTA,,,POR CREAR CODIGO,ACTUALIZAR PRECIO EN SISTEMA
1,HOGAR,16,SPORT BOTTLE,326,SPORT BOTTLE DECORADO 350ML. ,5,Varios,11632605,DOC,10,40,60,36,30.51,10.59,ALTA,,,,
1,HOGAR,19,VASOS,327,VASO SORBETE PASTEL,2,Pastel,11932702,DOC,30,60,26,12,10.17,8.15,ALTA,,MUNDO HOGAR,VASO SORBETE SOLIDO #1,ACTUALIZAR PRECIO EN SISTEMA
1,HOGAR,16,SPORT BOTTLE,328,SPORT BOTTLE TERMOENCOGIBLE 350ML,5,Varios,11632805,DOC,10,20,65,24,20.34,6.52,ALTA,,,,
1,HOGAR,21,CESTAS,329,PANERITA CORAZON 1/2KG. ROJO,3,Solido,12132903,DOC,10,20,,24,20.34,#DIV/0!,ALTA,,,,
1,HOGAR,17,TAPERS,330,NUTRITAPER ,4,Transparente,11733004,DOC,10,,,24,20.34,#DIV/0!,ALTA,,,,
1,HOGAR,14,CESTAS,331,CAJA ORGANIZADORA REAL #2 NEON,5,Varios,11433105,DOC,5,10,90,48,40.68,9.42,ALTA,,,POR CREAR CODIGO,ACTUALIZAR PRECIO EN SISTEMA
1,HOGAR,14,CESTAS,332,CAJA ORGANIZADORA REAL #2 NAVIDEÑA ,3,Solido,11433203,DOC,5,10,90,48,40.68,9.42,ALTA,,,POR CREAR CODIGO,ACTUALIZAR PRECIO EN SISTEMA
1,HOGAR,12,FLOREROS,333,FLORERO GRIEGO PASTEL,2,Pastel,11233302,DOC,5,10,114,36,30.51,5.58,ALTA,,,,
1,HOGAR,12,FLOREROS,334,FLORERO GIRASOL PASTEL,2,Pastel,11233402,DOC,5,10,114,36,30.51,5.58,ALTA,,,,
1,HOGAR,14,CESTAS,335,CAJA ORGANIZADORA #2 SOLIDO,3,Solido,11433503,DOC,5,10,90,24,20.34,4.71,ALTA,,,POR CREAR CODIGO,ACTUALIZAR PRECIO EN SISTEMA
1,HOGAR,14,CESTAS,336,CAJA ORGANIZADORA REAL #4 ,4,Transparente,11433604,DOC,,,210,48,40.68,4.04,ALTA,,,POR CREAR CODIGO,ACTUALIZAR PRECIO EN SISTEMA
1,HOGAR,14,CESTAS,337,CAJA ORGANIZADORA REAL #4 CARAMELO,1,Caramelo,11433701,DOC,,,210,48,40.68,4.04,ALTA,,,POR CREAR CODIGO,ACTUALIZAR PRECIO EN SISTEMA
1,HOGAR,14,CESTAS,338,CAJA ORGANIZADORA REAL #4 PASTEL,2,Pastel,11433802,DOC,,,210,48,40.68,4.04,ALTA,,,POR CREAR CODIGO,ACTUALIZAR PRECIO EN SISTEMA
1,HOGAR,14,PACKS,339,PACK: PORTAYOGURT + TAPER 550ML SOLIDO,3,Solido,11433903,DOC,20,5,110,116,98.31,18.62,ALTA,,,POR CREAR CODIGO,ACTUALIZAR PRECIO EN SISTEMA
1,HOGAR,14,PACKS,340,PACK: PORTAYOGURT + TAPER 550ML PASTEL ,2,Pastel,11434002,DOC,20,5,110,116,98.31,18.62,ALTA,,,POR CREAR CODIGO,ACTUALIZAR PRECIO EN SISTEMA
1,HOGAR,14,PACKS,341,PACK: PORTACEPILLO + JABONERA CARAMELO,1,Caramelo,11434101,DOC,,,110,116,98.31,18.62,ALTA,,,POR CREAR CODIGO,ACTUALIZAR PRECIO EN SISTEMA
1,HOGAR,14,PACKS,342,PACK: PORTACEPILLO + JABONERA PASTEL ,2,Pastel,11434202,DOC,,,110,116,98.31,18.62,ALTA,,,POR CREAR CODIGO,ACTUALIZAR PRECIO EN SISTEMA
1,HOGAR,14,PACKS,343,PACK: PORTACEPILLO + CUBIERTOS + TAPER 550ML CARAMELO,2,Pastel,11434302,DOC,,,110,116,98.31,18.62,ALTA,,,POR CREAR CODIGO,ACTUALIZAR PRECIO EN SISTEMA
1,HOGAR,14,PACKS,344,PACK: PORTACEPILLO + CUBIERTOS + TAPER 550ML PASTEL,2,Pastel,11434402,DOC,,,110,116,98.31,18.62,ALTA,,,POR CREAR CODIGO,ACTUALIZAR PRECIO EN SISTEMA
1,HOGAR,14,CESTAS,345,CAJA ORGANIZADORA REAL #15 NAVIDEÑA ,3,Solido,11434503,DOC,5,10,90,48,40.68,9.42,ALTA,,,POR CREAR CODIGO,ACTUALIZAR PRECIO EN SISTEMA
